0.32099,-0.30054,-0.2315,-0.65898,0.54752,0.44876,-0.95098,-1.0851,0.40388,0.13674,0.82543,-0.20476,-1.1957,1.5338,-0.38624,1.0048,-1.565,1.0486,0.95947,-1.4207,0.21183,1.3798,-0.44844,-0.52481,-1.6378,-0.84723,-2.4652,1.2576,-1.1778,-0.084348,-0.10173,-0.7994,0.85297,-0.24692,-0.66616,0.28001,-0.37454,1.1886,1.2522,0.7934,1.8593,0.2417,-1.3075,-0.84597,-0.059848,0.37351,0.029632,-0.18199,0.92946,0.22735,-0.39813,-0.6978,-1.5293,0.89458,0.98738,0.1271,-0.86066,-0.012137,-0.4242,-1.2901,0.67524,1.0077,-1.1205,-0.57882,1.1306,-0.3099,1.1435,0.70069,-1.4831,-2.4557,0.75159,0.61877,-1.3019,1.2524,0.6145,-0.97927,-0.53701,0.5523,1.0433,-0.42214,-2.0905,1.7881,-0.39275,-1.4245,-0.038897,0.97806,1.6394,-0.58847,0.0036123,-0.46527,0.45858,-0.407,0.43423,-0.34086,1.4888,0.88962,0.72644,1.1246,-0.34226,1.2372
1.6234,-0.50003,0.61339,-0.63052,0.14784,0.00062612,0.7948,-0.70716,1.1925,-0.88335,-0.22929,-0.97781,0.36533,2.7335,1.3162,-1.9201,-0.078796,0.17755,-0.34093,0.66937,0.61317,0.095136,0.16841,1.1283,2.0237,-0.57588,-0.85253,1.4525,-0.33458,-1.8535,-0.88704,0.56698,0.47733,0.44162,0.47837,0.084606,-0.1902,-0.41491,-0.89262,-0.38195,0.92707,0.54935,0.79414,-1.8172,-0.57468,-0.25089,1.9524,0.61569,-0.090432,-0.22558,0.25644,2.0193,0.022688,-0.14293,-2.073,2.113,0.20689,-0.57036,-1.4694,-2.2082,0.78597,1.8291,0.43536,0.056473,0.010653,-0.39437,0.66329,0.65202,-0.10649,-0.091063,-0.86373,-0.83241,-0.90899,0.22016,-0.7853,-1.1334,-1.0402,1.8201,0.846,-1.674,-0.17403,-0.62408,-0.62204,0.039702,0.99858,-1.7913,0.26347,-0.023925,0.99514,-0.65192,0.46182,-0.63869,-0.10148,-1.08,-0.026748,0.64975,0.69425,0.68264,0.65223,2.5197
1.0624,0.71647,1.6829,0.60963,-0.36227,-0.75624,0.07143,-0.30165,-1.6848,0.082538,0.26225,-1.5729,2.4124,0.16744,-0.79646,0.62545,-0.94179,0.1533,-0.17332,0.68324,-0.52778,-0.42713,-1.1205,0.55014,0.77779,-0.075913,0.51174,-2.0768,-1.8295,-1.0968,0.74138,-0.0014429,0.30232,-0.80361,-1.0411,0.72912,-0.93873,-0.65862,-0.89527,-1.3712,-1.227,0.46763,-0.19726,-0.52173,1.4419,-0.92546,0.45902,-0.37667,-2.6411,-0.96599,0.22003,-1.7937,0.095285,-0.59347,1.244,0.54128,-0.2075,0.93403,1.2064,1.4361,-2.1327,0.085288,0.017089,-0.89332,0.12433,-0.26974,0.16408,0.17853,0.24526,-0.02468,-1.0709,-0.97049,-0.0775,0.8152,0.82818,0.022121,0.99728,0.34264,-0.49554,-0.68763,0.019188,-0.14996,-1.1905,-1.3799,-0.75733,-0.13019,-1.4635,2.1913,-0.47897,0.60963,-0.0011875,-0.40488,2.0288,-0.69739,1.9158,-1.8062,0.3941,1.3961,0.34574,-0.37945
0.21411,1.3373,0.56839,0.78233,0.061141,0.40432,-0.77369,-1.2004,0.41315,-0.60387,-0.89798,-0.37026,0.74025,-0.47887,0.13544,0.75296,-0.65286,-1.2543,0.6163,-0.88214,1.2416,0.51081,0.40073,1.8551,-0.5489,-0.13247,0.25777,-0.17649,0.42999,0.21863,1.3922,0.62392,0.41578,0.28761,-0.82066,0.90075,-0.81346,0.98399,0.31333,0.010307,-0.32724,0.19146,0.64915,0.16144,0.23553,0.09866,-0.39931,-0.69804,-0.48615,0.095018,-1.7114,-0.65951,1.6145,0.24892,-0.31524,-0.65509,0.34026,-1.1383,0.19734,-0.061672,0.21993,-0.068325,-0.36299,1.1221,1.7794,-0.08813,1.7854,1.676,0.14579,0.19994,-0.35524,-0.45351,0.00051045,1.1394,0.66742,1.0402,-0.026054,0.17956,-0.20682,-1.0272,-0.86003,0.83222,-1.8785,1.2331,0.59615,-1.1752,-0.77617,-1.4006,-0.5191,0.70912,-0.35294,2.3939,-0.36721,-0.583,0.91968,1.0247,0.63162,-1.3886,-0.34469,-0.47527
0.8768,2.1257,-1.206,2.4366,0.21671,-0.79385,0.77416,-0.019362,0.50175,-0.36873,-2.1573,-0.22115,0.30975,-1.4127,0.41781,0.21348,0.28253,-1.1728,0.86392,-1.5045,-0.15763,-0.65627,0.73906,-0.2773,-0.12601,1.4393,1.9624,-0.65208,-0.17399,0.79425,2.4739,0.12644,0.042975,0.46702,0.10113,-1.3256,-0.58362,0.10123,0.66703,0.20413,0.89165,-0.2298,-0.83147,-1.0618,1.0214,1.6843,-0.22538,0.30412,0.19597,-0.25673,-1.2058,0.77145,0.50127,-1.1298,1.3993,-0.86953,-0.49811,1.9572,-0.70688,1.1778,0.96629,-0.56347,-0.63124,0.77583,-0.23947,0.0080293,-0.58771,-0.3251,-1.1181,-1.0383,0.95588,-1.3027,0.10686,-0.41171,-0.1255,1.2315,-0.657,-1.0193,-0.1558,-0.49256,-0.022949,0.94809,-0.42401,1.7421,2.1232,0.089962,0.92949,0.4801,-0.29466,0.2798,-0.43299,-0.049623,-2.3638,-0.18613,-1.8081,0.82523,-0.7091,0.019262,0.030786,1.6757
0.19441,0.054046,0.43306,0.30241,-1.3981,0.85978,0.26565,0.34037,0.083064,-0.83817,0.093917,-0.53521,-0.54199,0.97499,0.81988,-0.77023,-1.1251,-1.4614,-1.4169,0.43314,-1.3736,-0.12502,0.90004,1.0666,0.29958,2.0313,1.4063,0.15653,1.6312,0.46312,0.50392,0.68087,-0.94885,0.0045616,1.084,-1.5246,1.7095,-0.36271,0.82812,-0.41103,0.28819,-0.57922,0.89595,0.45049,-0.13983,0.27526,-0.28028,1.1011,0.95972,2.3101,-1.7729,-0.82034,-0.32384,0.066095,-0.87988,-0.2389,-1.4214,-1.7632,1.2164,0.98551,0.34999,-0.47357,-0.50032,0.9625,0.85799,2.5318,0.25904,0.10115,-0.59694,0.52937,0.15928,0.015975,-0.31246,-0.46107,-0.95123,0.56018,0.67775,0.037599,-0.2754,0.34681,-0.60232,-1.9737,0.77724,-2.0015,1.3117,-0.42217,1.793,0.20755,-0.16055,-1.4675,-1.7048,-0.20258,0.72986,0.58796,-1.2653,-0.23633,0.029347,-1.3504,-0.13335,-0.73837
-0.41489,0.16304,-0.092121,0.05832,0.17887,0.066869,-0.23511,-0.96323,0.1578,-0.28248,-0.95118,-0.26197,0.12228,0.28972,-0.85435,-0.0071347,-0.98897,-1.2443,0.19995,0.80826,0.87084,-0.53047,-1.5312,-2.0992,0.29617,-0.9782,0.49683,-0.85023,-1.3594,-0.61263,-0.82248,-1.2874,0.54161,0.32609,-1.8545,0.50243,-0.39042,-0.73883,0.0065093,0.66356,2.2652,0.48048,-1.8135,-0.2728,-0.081551,0.35329,1.3067,-0.44661,1.3803,0.19006,-0.072492,0.017888,0.55422,-0.63792,-0.92247,-1.576,-0.27077,-0.32333,0.36717,-1.2186,0.90182,-1.7035,-0.86719,1.2608,-0.87835,-1.2232,-0.87183,-0.57669,-0.67949,-2.2171,0.24494,1.1107,1.2196,-1.329,0.89204,-0.30904,-0.51083,0.13712,-2.4432,0.82935,0.8699,-0.39188,-0.71393,0.8355,-0.69994,-1.6509,-1.1832,0.32208,1.0235,-0.69132,1.0957,-0.19753,-1.399,-0.021041,0.58363,-0.98127,0.55038,0.11464,-0.62604,-1.8155
0.35846,-0.63271,-0.24405,-0.57413,0.92758,-1.6394,1.8773,1.1139,-0.52794,3.5699,1.1726,-1.0954,0.96228,1.1654,0.35732,0.093187,-1.5159,-0.1551,0.19583,0.57894,-1.5685,0.10559,0.50462,0.63848,1.2008,-0.64102,0.082831,0.27905,0.97051,2.2444,0.20098,0.21808,-0.82113,1.2046,1.7998,0.30639,-0.69007,-1.4798,-0.23589,0.22578,-0.04789,-0.38683,1.5667,-0.10145,1.2582,-1.2004,-0.28438,-0.46671,-0.94146,-0.1734,-1.7211,0.65454,0.64244,-0.81931,2.3144,1.8258,0.43966,0.87259,-1.2675,-0.43188,2.1212,-0.05372,-1.0401,-0.10792,-0.76195,-1.0718,-0.78792,-0.061528,0.95505,0.10742,1.1247,-0.24937,-0.90956,-0.0875,-0.12972,-0.3676,0.446,-1.5211,-0.42732,0.15563,-0.57081,-0.67671,1.5846,-0.34282,-1.0196,0.61797,-0.11118,-0.0058805,0.015895,-0.86799,0.63577,1.5163,1.3149,-0.079761,-0.11619,-0.76959,-0.72548,0.54163,1.1114,0.086728
0.036223,1.612,-0.21919,-0.19521,-0.11018,-2.4247,0.60924,-1.5861,0.72306,3.4075,1.7351,0.54923,-0.25397,-0.90871,2.7485,0.93525,-2.2285,-1.6149,-0.15113,0.76285,-1.8443,1.1284,-0.86421,0.37147,1.0902,0.52048,-1.5485,0.59709,0.14364,0.072348,-1.0071,-1.5666,-1.0719,-1.4041,-0.87837,-0.93916,-0.44822,0.15337,0.65282,-0.21284,-1.5519,0.42162,0.8465,-1.4291,1.4685,0.16613,-0.79171,-1.4358,0.76087,-0.014029,0.70188,1.2577,0.18263,0.96795,0.58801,0.20427,-0.50614,0.11792,0.62105,-0.83494,1.2486,-0.88134,1.2654,-0.57716,0.86278,0.24606,-0.34434,0.72559,-0.1308,0.43891,0.23463,0.4957,0.20398,0.35545,-1.0135,0.36563,1.5166,-0.018918,0.30906,0.083714,1.3047,-0.016021,-0.88831,-0.47796,0.053115,0.59616,-0.65677,0.28139,-0.48266,-0.51251,-1.0872,-1.7322,0.40383,-0.83551,-0.14381,-1.2361,0.00076437,-0.76767,1.2022,0.50026
-0.36463,-0.075449,-0.87977,-0.050531,1.5724,-0.28383,-0.11027,-0.39179,-0.84994,1.1469,-0.3717,-2.1746,1.8918,0.24058,-1.513,0.66352,-0.15152,2.2461,0.89278,-1.1821,0.28841,0.74248,-0.37655,-0.37418,-0.3587,-0.3807,1.8632,0.24472,0.082604,0.86551,-0.61317,0.78328,-1.0741,0.20556,0.64773,1.2374,0.71438,-0.31702,1.9645,-0.044035,0.44408,1.0877,0.11015,-0.76441,0.032941,0.77616,0.24062,-0.97772,0.23792,-0.61274,-1.0055,-0.92708,-2.0275,0.030349,-0.30977,-1.1634,-0.18435,-1.5031,-1.7955,0.17968,-1.1232,1.2559,-0.24146,0.52563,0.64831,-0.050611,0.64762,-1.2273,0.6494,-0.040993,-1.1386,0.16204,0.98975,-0.74314,0.25229,0.93744,0.93776,0.16325,2.4516,0.37462,-0.042644,0.51517,2.1408,-0.8891,-0.23702,-0.61844,1.8797,-0.25134,0.63467,-0.78209,-1.4773,1.1125,-0.34417,0.97862,1.0748,-0.050215,-0.18751,1.2828,0.072382,-0.36298
1.771,-0.47324,-0.3208,-1.7558,0.56049,1.1458,0.27746,-1.4847,-0.79638,0.78726,1.1929,0.14461,-1.2203,-0.65405,0.43398,-0.35023,1.1627,0.73928,-0.36419,0.58385,-0.95091,1.1436,0.78801,0.69535,-0.12993,1.9929,0.13403,-0.11835,0.71666,-0.4157,-0.65896,-0.31057,0.86955,-1.9912,1.0496,0.033012,-1.3157,0.31892,0.88458,0.45818,-0.91182,-2.2493,-1.1611,0.41014,1.6925,-1.3814,-0.094646,0.60589,-0.20837,2.0718,-1.1064,-0.16988,1.0231,1.3511,-1.033,0.12061,0.402,0.92184,-1.0578,1.1663,-0.83009,0.15584,-1.729,1.152,1.0581,-0.73015,2.0541,0.19093,0.59852,0.36431,0.84209,1.2118,0.3752,0.072031,0.52359,0.97424,-0.16016,-0.72115,-1.4626,2.6532,0.89553,0.44483,-0.69218,1.2634,-0.062736,0.52788,-0.89608,-1.6935,-1.3644,0.42579,-0.38525,-0.71928,-0.98006,0.23548,1.7022,-0.38866,1.2414,-0.47486,-1.0267,-0.35069
0.22127,2.1842,-0.78442,-0.25736,-0.42034,0.18117,0.087046,-0.34463,0.72534,-1.2781,0.95365,0.66903,-0.37624,1.275,-0.22977,1.6199,-0.18194,-2.0676,-0.82619,-0.58001,-0.91073,-0.91471,0.29821,0.87763,0.73374,1.6359,-1.546,-1.2894,1.1935,-1.1149,-0.83323,0.65532,0.98105,0.028409,1.3231,0.12357,0.62712,-1.4565,0.084537,-0.44142,0.049435,1.8045,-0.39754,-0.78993,0.47573,1.1283,0.79323,-0.11365,0.024739,0.63702,1.7906,-0.47167,-3.4915,-1.0864,1.1034,-1.4435,0.53923,0.16324,0.15154,0.055986,-0.12178,0.054933,-0.48824,0.85838,-0.63319,0.32699,0.79894,-0.73482,-0.1925,-0.7637,0.47634,-0.15832,-0.62213,-0.3564,-1.4616,-2.1189,-0.11384,0.4106,-0.63554,0.33271,2.2849,1.1409,0.099297,0.3832,1.2711,-1.3443,1.3315,-0.58402,0.59862,1.0115,0.68084,-0.27337,1.8573,0.56605,0.39124,-0.31195,0.47249,0.62343,-1.173,-1.3629
2.7304,0.80988,-0.36496,0.74954,-0.15395,0.05425,0.17359,-1.3239,1.6865,-0.58459,-1.415,-0.84883,0.052429,-0.55119,-0.82709,-0.050833,-0.23395,-1.1546,0.27601,-0.56137,-0.16195,0.1798,-0.16374,1.0336,0.12033,0.55902,0.43328,0.057564,-1.0711,0.68525,0.37818,-0.53747,-1.7588,1.9305,-0.51736,0.27394,-1.3313,1.3218,-0.57451,-1.0549,1.078,-0.63206,0.25429,0.16164,0.36853,2.4654,0.95944,0.76456,-0.028091,0.074894,2.1624,-0.11423,0.10949,0.24027,0.34211,0.58235,-0.73359,-0.81467,0.41126,-2.1,-0.64259,1.3986,1.0604,0.94558,1.018,0.75299,-1.0711,0.78838,-1.9808,0.54952,-0.08839,0.29297,0.12055,-0.43169,1.8664,-0.046465,1.9371,-1.2126,-0.38547,0.14077,0.066827,0.44768,1.435,-0.11887,0.22114,-1.2348,-0.62457,0.23444,-0.2065,-0.25067,0.83265,0.6774,0.30954,0.21929,0.12733,0.22136,1.0945,-0.3477,0.251,1.7228
-0.29617,0.71634,0.11727,-0.57076,-0.2752,0.68775,0.45359,-0.57483,-0.38639,-0.61941,-0.033356,-0.05709,-1.9539,-0.087409,-0.83198,-0.8127,-1.0467,-0.10719,0.4598,-1.5559,-0.4889,-0.98335,0.60673,0.41979,1.1363,0.56364,0.10295,-0.52093,1.3189,1.0377,-1.1153,0.32864,-0.1481,0.94114,0.024315,0.75417,-0.13085,0.4872,0.49975,-0.15558,0.30818,1.3165,1.2078,1.9779,2.192,-1.5579,1.0871,0.6699,0.14036,1.1233,-0.81928,0.36949,-1.5513,-1.0462,-2.264,-0.18147,-0.26837,0.40371,0.070498,1.2353,-0.07895,-1.7756,-0.53815,1.5061,0.17193,-1.1537,-0.20516,-1.9654,0.36294,-0.37464,-0.41304,2.4677,-0.3174,0.77933,-2.1491,-0.96678,-0.1708,-0.57374,-0.94228,1.5778,1.4946,0.31544,1.2334,0.41725,1.664,-1.1534,0.77668,0.25879,2.1394,0.55424,0.5346,-0.93645,-0.4891,0.80771,2.2509,-0.29732,0.62267,-0.75832,-0.26462,0.20137
0.5643,-1.0056,0.17434,0.49423,0.24112,-1.3934,-0.60352,-0.74071,-0.50508,0.5353,0.26112,0.29179,0.56542,-0.34782,0.4979,-0.43842,1.5833,-1.7129,-0.21751,1.1002,-0.22278,0.38483,1.6345,0.60107,-0.68677,-0.3384,-0.57035,-1.279,-1.21,1.8222,0.66724,1.0541,0.25194,-0.0069245,-0.16237,1.5245,-1.8269,-1.5666,-0.4841,0.12915,0.29964,1.5516,-1.0335,0.79527,1.5357,-2.0666,0.64717,0.37578,0.23759,-0.033128,-0.03705,-0.61862,-0.35511,0.61872,-0.90329,0.04201,0.8706,0.75616,-1.933,0.0026715,1.2281,0.32965,1.7773,0.29534,-0.047474,-0.40787,-0.55444,-1.9555,0.70395,-1.6592,-0.54458,1.1462,-0.59968,0.81632,-1.6352,-0.47125,0.30117,0.10539,-0.67377,0.089548,-1.0725,0.94559,-0.75764,1.0132,-0.04296,-0.10933,-1.3243,0.60366,-0.64881,0.75888,0.76802,0.42572,-0.69488,1.5125,-0.010678,-1.6972,1.0092,-0.73717,-0.81319,-0.54769
1.5826,0.43399,-0.21566,0.99144,0.75469,1.4254,-0.79702,-1.185,0.40807,0.48299,0.52299,-0.61462,0.077794,0.99396,2.3156,0.85861,-0.24941,-0.45989,0.79612,0.17506,0.27207,0.3257,-0.62349,-0.67402,0.47168,0.76365,0.49306,-0.056227,-1.0741,-0.52899,0.79533,-1.9797,-0.61038,-0.33824,-0.60566,-0.26198,0.53592,1.0571,0.23845,0.50943,-0.19722,-1.4689,1.2951,1.0374,0.90726,-0.072599,0.63255,0.76665,-0.67155,-0.097748,1.963,0.80012,1.3986,1.305,2.97,0.36184,0.33076,2.1844,0.81872,-0.45954,-0.53137,-1.0579,-0.77952,1.2041,1.6891,-1.2879,-0.29294,1.6243,-0.7526,-0.31023,-0.024007,-0.93384,1.3532,1.1483,1.224,1.7352,0.32599,-0.6051,-1.9242,-0.67298,1.8233,0.42866,0.73858,-0.86952,-0.13324,-0.52419,1.5003,2.221,0.42359,0.13384,1.7549,-0.074543,-0.18039,-0.43163,-0.45055,-0.59871,-0.094497,-1.451,0.13202,0.40181
2.7292,0.52014,-0.15261,1.0771,-0.29191,-0.89385,0.36065,-2.0649,1.0724,0.10848,0.67679,-0.013643,0.080701,0.42844,-0.79383,0.19522,1.294,1.091,-1.518,1.0036,-1.1685,1.2963,-1.3501,-1.0952,0.28834,1.1274,-0.70751,-0.20968,-0.67256,-1.628,1.0375,-1.8674,0.76098,0.52827,0.27171,-1.7307,0.69286,-0.58758,0.77825,-0.030124,-0.14642,0.17694,2.7681,2.3603,0.40226,0.75911,1.9033,1.5235,-1.045,-0.55662,-0.54027,0.4267,-0.51347,1.0235,-0.011766,0.85371,-1.3479,-0.093783,1.2618,-2.1032,-0.2861,-0.64337,-0.75297,-0.011846,1.437,0.083578,1.1802,-0.14942,-0.016917,-0.61994,-0.80051,1.1198,-0.19767,-1.085,0.32517,-0.77753,0.92484,0.42179,-0.11242,0.93189,-1.2084,-1.3246,-1.1144,-0.79468,0.7932,1.9113,-2.2029,-1.6541,0.11787,-0.27256,-1.7043,-1.3988,1.2563,0.54256,-0.59505,-0.52335,0.11515,1.5208,-1.1847,0.8344
0.30356,-1.0922,0.033688,0.77684,0.45845,0.037765,1.8851,0.56506,0.96798,-0.34028,0.6744,0.41211,0.79471,-1.0042,0.54096,0.88886,0.36198,-0.16388,-1.0749,1.511,-1.2242,1.0992,-1.1622,-0.26762,1.3919,0.14157,-1.348,0.1921,0.73646,1.6173,-0.020431,-1.8324,0.25443,1.0569,0.35864,1.0135,-0.68755,0.30222,0.92427,-0.45736,-0.10307,3.4663,-0.49535,1.1754,-0.53838,-0.081664,-1.16,0.57682,0.96577,-0.6155,1.7175,-0.47233,1.9172,-2.1154,-1.9995,-0.80977,1.5479,-0.29421,1.1673,0.37392,-0.22761,0.25844,-1.0331,0.7895,-2.2511,0.1638,0.3774,-1.9683,-0.44166,-1.0246,-0.51219,-0.92423,-0.578,-0.13612,-0.42891,-1.6838,0.21529,-0.36281,-0.51851,-0.35789,-0.065392,0.10982,-1.7059,0.6885,0.42627,-0.071106,0.32251,0.68041,-1.0808,-0.54263,0.46951,0.19231,1.9107,0.6793,-0.73567,-1.7158,-0.62816,-2.4472,0.34042,-1.0483
-0.79026,-0.22579,0.45828,-2.2598,1.7553,-0.36357,-0.30682,2.0001,0.27015,-0.92585,0.6784,-0.93715,1.0437,-0.63269,-0.55906,0.069222,-0.26305,-0.06724,-3.0722,-1.1372,-2.0995,0.65322,-0.94428,0.18655,-1.3455,1.9281,-1.7543,0.99233,-1.07,0.26414,0.61895,0.84859,-0.15283,0.014741,-0.35232,-0.92774,0.31758,0.21946,0.58814,0.59634,-2.799,-0.21463,0.46877,0.39774,-0.11522,-0.15847,-0.34731,0.42597,-0.21976,1.6046,0.81981,0.27595,0.77841,0.68173,-0.88802,-1.4671,-0.61664,-0.50481,-0.57033,0.24518,0.67452,0.89169,1.1638,-1.4036,0.35649,0.68257,0.99157,-1.6861,1.7013,0.505,-1.4867,0.009907,-0.75597,0.65509,0.011596,0.17703,0.36625,-0.87412,0.53498,0.2021,-0.32684,-1.6547,0.66116,1.5857,-0.2099,0.56184,0.421,0.13583,0.87553,-1.1631,-0.054304,0.58039,0.027193,-0.0087669,0.081695,0.88568,0.38757,-1.29,-1.5921,0.22526
0.80338,-0.40492,1.2816,-0.56438,0.93149,0.14956,-1.0127,2.2233,-0.63441,0.0053217,-0.31258,0.83516,0.80218,-1.0457,1.9766,2.4868,1.0821,-1.0016,0.52141,0.64302,-0.39024,-0.50507,-0.67121,0.95094,0.00074741,0.67064,-0.36381,0.57624,0.33472,-1.1271,1.8031,0.40519,-0.55741,1.6148,0.13236,1.2437,0.16284,-0.8782,1.3779,-0.11353,0.39328,0.48628,-0.6573,1.9512,1.822,0.006498,-1.6951,-0.042931,1.4145,0.7685,0.055521,0.98423,-0.24646,0.0087093,-0.4199,-0.1039,-0.69857,-1.927,-0.3939,0.33858,1.0368,-0.83662,-0.58011,1.5421,-0.85024,-1.0864,0.60345,-0.086922,-0.030569,0.040473,-0.51864,0.28937,0.1212,-1.2935,0.73132,-0.12448,0.32215,0.93159,0.057408,0.87625,-1.1492,1.1107,-1.7296,1.2502,-1.5882,0.57407,-0.8207,-0.037987,-2.2263,-0.27352,-0.74887,0.63786,0.42713,1.9119,-0.86086,-2.1666,3.0743,-1.9846,-2.4538,-0.48237
-1.3199,0.52786,0.62009,0.90149,0.82526,-1.9445,-0.23855,-0.49218,0.62976,1.1391,0.37924,1.0945,-0.46882,0.50571,0.54466,-1.6656,0.98243,-0.55566,-0.99102,-0.01276,0.66428,-0.47599,0.57668,-0.79052,0.053495,-0.11011,-0.62709,1.3058,0.41188,-0.55918,0.052993,-0.70246,0.67702,-0.81585,2.6736,-0.58949,1.1591,-2.8614,1.8512,0.80702,0.99025,0.33089,-1.717,-0.90466,-2.0215,-1.0646,0.91939,-1.2423,-0.92419,0.086933,-0.35313,0.99311,-0.90353,0.33427,0.69458,-0.82291,-1.4236,0.52138,-1.0174,-1.0781,-0.14946,0.55315,0.4173,-1.7749,-0.29955,0.29749,-0.79289,0.30739,0.20392,-0.25473,-0.69323,0.87,-1.4958,1.9267,-0.86802,-0.41555,2.689,0.60004,1.0658,0.80795,-1.308,-2.1079,-2.1381,-0.1156,-1.1164,0.37173,-0.96646,-0.69314,-1.9461,0.1595,0.71676,-0.56598,0.32336,-0.97862,-1.8584,0.42213,0.097586,-1.3429,-0.20812,1.6507
-0.27385,-1.007,-0.28667,0.39468,-0.81481,1.5239,-0.48401,-0.046003,-0.079234,0.42736,-2.2529,0.32118,-0.046592,0.33195,-0.13791,-0.41593,-0.11144,-1.3516,-0.25313,0.91426,-0.70226,-2.0516,-2.0858,-0.48948,-2.3419,0.37096,0.44015,-0.72931,0.15412,-0.80885,-0.17789,1.499,0.8493,-1.9978,-0.0075661,1.4915,0.12839,0.53556,-1.8977,-0.089803,-1.2976,1.2679,1.4705,-0.68215,-0.63698,-1.6439,0.021531,-0.50495,-0.59414,1.7044,1.6931,0.66821,-0.4959,-0.54741,-0.16275,0.42498,-0.10963,-2.0544,0.25021,-0.73016,-0.31708,1.4584,-1.6481,0.20566,-0.63425,-0.14331,0.93082,0.33755,-1.0478,-0.54774,0.57765,-0.39726,-1.6462,0.23325,0.92816,0.87946,0.87607,0.57136,1.6207,-1.6033,0.64638,-0.54984,-0.060048,-1.3318,0.61686,0.19169,0.60935,-0.12753,-1.3096,-0.18671,-0.0055129,-0.016138,-1.649,-0.48613,-1.2849,-0.29481,-0.045595,-2.7918,-0.98193,0.15893
0.27187,1.089,0.59802,0.0048544,-0.5342,0.54581,-0.32734,-0.46575,1.3769,0.18103,-1.1684,0.015113,0.35345,-1.6354,0.61988,-0.084225,1.296,0.36421,1.0093,1.1077,0.50133,-0.4483,0.23596,2.9745,1.2481,1.0966,-1.5026,-0.86457,0.55457,1.161,1.7725,0.13779,0.46931,-0.74819,0.7103,-0.80598,1.0395,-0.34204,-1.7787,-0.0062921,-1.522,1.0905,0.69414,2.0183,-0.1888,1.5815,-0.29934,0.32585,1.4213,0.023634,0.71105,-0.064998,0.37449,-1.651,0.10158,-1.8547,-0.10271,-0.26984,0.25212,-0.91633,0.93359,-0.85508,-0.57268,-0.34621,1.6245,1.392,-1.3504,1.067,-0.73537,1.6766,1.455,0.53786,0.1929,-0.54502,0.69732,0.56613,-0.87649,0.68511,0.12185,-2.3621,-1.3892,0.094261,1.3857,-2.3428,0.54346,1.2441,-1.0362,0.68036,1.3056,0.2179,1.2001,0.62232,0.14034,0.077898,0.4362,-0.36425,0.85826,0.60219,1.5311,-1.1247
1.4896,1.7849,-0.24553,0.43692,0.24255,2.0099,0.47552,0.075947,-1.4082,0.65748,1.202,-1.1645,-1.2568,-1.9068,-0.0055828,0.089252,1.7813,-0.45221,0.051012,0.82047,0.54031,-1.5512,-0.77842,-0.62259,2.8092,-0.39816,-0.20824,-0.094921,-1.1728,0.59211,-2.5088,-1.5868,-0.23978,-0.1993,-0.46254,-1.1126,-0.11677,-0.59786,-0.92264,-0.091861,0.62101,-0.94645,-0.5107,0.45434,0.14828,0.29261,-1.721,-1.1114,1.4076,0.29004,-0.63276,-0.6201,-2.3705,0.89279,-0.017858,0.85858,-0.32272,-0.27503,-0.77148,1.7876,0.72328,-0.99212,0.65923,-1.159,1.2411,0.30675,0.79979,0.33294,-1.3566,1.173,1.0355,1.7697,-1.2898,1.0328,-0.04515,0.37592,-1.2174,1.0094,-1.238,-0.7017,-1.3407,-0.03822,1.2178,-0.92656,-1.4679,-1.1642,-0.028238,0.42621,0.98397,0.046238,-1.034,0.53344,-0.49804,0.026201,1.0913,0.64766,-1.5636,0.040443,1.3727,-0.11106
1.4371,-0.30375,-1.7807,1.1301,-0.10065,1.4167,-0.13,-0.91877,0.14123,0.58425,-0.66074,0.49484,-1.036,-0.040399,1.1072,1.4561,-0.065615,0.78337,-0.44043,-0.81761,0.99075,0.92983,1.0996,1.9203,-0.23218,-0.085463,-1.5051,1.3832,1.0076,0.24275,-0.45659,-1.0191,0.92099,-0.37276,-0.52788,0.95694,-0.6483,0.41891,-1.9979,-0.92124,-1.5075,-0.4385,0.11339,-0.042104,-1.7839,-1.1876,0.18343,0.46818,-1.029,-1.4199,0.39273,0.2241,0.61506,-0.50706,-0.96033,0.30639,-0.83959,0.84514,0.91955,-0.8204,0.48818,-0.011699,-1.2804,0.33583,0.55528,-0.53718,0.59964,-0.073484,0.72859,-0.18906,1.0468,-1.9055,-0.39985,0.37714,0.19121,-0.27695,-1.6148,0.99087,0.24413,1.6519,1.1289,1.8829,-1.4951,1.1296,0.11991,1.6353,-2.8198,-1.6057,-1.2514,0.67032,-0.84757,-0.38934,-0.42777,-0.22278,1.2026,-0.30353,1.1282,-1.0309,-0.61212,0.44905
-0.027561,-0.0086966,-2.3472,0.15377,-1.625,0.011481,-0.59435,-1.9195,1.2897,-1.6165,0.32756,-1.2158,-0.42696,0.69719,-0.18559,0.21945,-0.25568,1.2372,-0.84847,-0.12649,0.98938,0.90194,-0.85556,0.96115,0.28703,2.3733,1.8097,1.3037,0.11352,0.24048,2.4304,-1.3852,-0.90688,-0.84737,-0.34579,-1.3631,-0.037981,-0.68968,-0.3571,-0.92695,-1.6794,0.34322,-0.22981,0.45817,0.52907,1.0759,-0.25973,0.32261,0.20651,0.47527,-0.87796,-0.46614,0.27946,-0.32979,1.1728,-1.1116,-1.6606,-2.7712,0.85216,-0.19671,3.2662,0.62691,0.050124,0.33224,0.70342,-0.22893,1.1004,1.0478,0.60719,0.086573,0.67621,-1.0767,0.7754,0.10926,-0.62876,0.3501,1.8401,0.033691,1.3983,0.23507,0.0016961,0.055461,0.037283,-0.54913,0.52936,0.68633,-2.081,0.90621,-0.17975,-0.6305,0.43342,-1.2717,-0.15087,-0.47971,2.3129,-0.22684,-0.84757,-1.301,-0.96674,2.1006
0.92393,0.50664,-1.7136,-0.75863,-1.5144,-0.93905,-0.44377,-0.036443,-0.49494,0.018774,1.5081,1.5908,0.077669,0.1688,-1.1214,-0.11488,0.40464,1.0772,-0.24037,0.26414,-0.68884,0.13829,0.0075576,-0.5578,-0.4646,-0.47392,-0.11697,-0.12581,0.73005,-0.8215,-0.47145,0.95489,0.14444,1.3372,0.56456,0.68058,-0.19932,0.67119,-0.3364,-0.96122,0.78898,-0.058403,-1.4617,-0.26414,0.72973,-1.2974,-1.3548,0.10002,1.3411,-1.4473,0.14895,-0.33209,0.81887,0.16835,-0.36527,-0.31724,3.0125,0.91807,0.65713,-0.89014,0.031701,0.0014992,0.5484,1.4112,0.45816,-0.53622,-1.4197,2.0589,-0.82829,1.5126,0.54659,1.1949,0.92215,-0.68019,-0.85661,-0.29131,-0.81893,-0.45027,-0.095473,-0.15175,0.37968,-0.61389,0.80287,0.28373,-1.1752,-1.1495,-0.044753,0.24951,-0.74341,-0.11841,-0.88752,0.2726,-2.8908,0.82459,-1.084,-0.87158,0.56751,-1.318,-0.2164,0.039567
-0.32128,1.2033,-0.23713,-0.18016,1.0262,-1.7389,-1.3225,-1.2251,-0.62482,-0.42596,-0.88891,0.52648,1.7909,-1.5438,0.24645,0.068602,0.35176,-0.034841,0.60293,3.1585,-0.85684,-0.37841,-0.93759,-0.10656,0.38432,0.94634,1.2262,-0.59687,-0.98351,0.99311,-0.56033,-0.60112,1.3964,-1.6163,-0.80154,0.43782,0.88167,0.1509,0.25043,1.7848,-0.65428,2.535,-2.8823,-0.29199,-0.94013,-0.12177,-1.1574,0.30143,1.3327,-0.98828,1.5319,0.92481,2.0475,2.5367,-0.46341,0.83786,1.5008,-0.51925,-0.75346,0.91075,0.34127,-0.81633,1.7784,0.13686,0.68398,1.439,-0.20364,0.026693,2.8876,1.7933,0.74999,-0.29395,1.5445,-1.7654,-0.38871,0.18608,0.99214,-0.11066,0.38762,-0.15589,-0.90133,0.58702,0.97385,0.21278,-0.99822,1.1102,1.118,1.8942,0.23324,0.24206,0.12123,0.31747,-0.73454,-0.060403,1.3645,1.1258,0.2766,-0.27846,-0.31608,0.57157
0.66112,0.52202,-0.61963,-0.20779,-0.75813,0.016971,-0.85952,-1.9024,-0.93363,-2.034,-0.95928,0.26482,0.79726,-1.5518,1.561,0.75149,0.80751,-0.50399,-1.5163,1.2266,0.04839,0.14306,-0.68156,-0.21516,-0.37983,0.81816,0.49494,-1.5206,0.052032,0.34639,-1.2265,-1.1719,-0.1897,-0.49182,-1.8529,-0.14327,-0.056144,-0.99132,0.28616,-0.20019,1.2449,0.43865,-0.047468,-0.3868,-0.25929,0.74077,-0.76199,0.023824,-1.2849,0.94938,0.53185,1.447,-0.32374,2.2936,0.19499,2.4265,-0.35899,-1.293,-1.3385,-0.012265,-0.083531,0.11515,0.64109,0.57763,0.25129,-0.5111,0.017913,-0.24052,0.91914,1.1026,-0.72984,-0.038178,-1.0096,-0.96357,1.0285,0.5766,0.53382,1.2379,-0.96631,1.0382,-0.19679,-1.2067,1.5607,-2.2028,1.194,1.1826,-1.6495,-1.1124,2.1013,-0.37608,-0.4019,1.4984,0.75622,-0.80676,0.08168,0.99162,-0.067025,-2.0221,1.3853,1.2007
1.9153,0.39705,-0.72016,0.89675,2.0783,0.21916,-1.413,2.3742,-0.27872,-1.3286,-0.49272,-0.3936,-0.4425,0.86708,-1.1966,-0.68943,-0.25559,-1.224,-0.068349,2.3206,-0.66485,1.605,-0.26014,0.47349,-0.10178,1.589,0.90859,0.67184,0.8776,-0.26113,0.79295,-0.57711,-0.84384,-0.9693,0.053216,-0.34153,-0.84124,0.83683,-0.68617,0.94041,-1.2923,0.43752,-0.46247,-0.55399,-1.2135,-0.84072,-0.2503,-0.022055,1.6184,0.35122,-0.75967,0.59583,-0.98054,-1.3187,-0.066947,-0.35109,-0.11488,-0.0087181,0.65223,0.072814,0.61642,0.20707,0.9467,0.24309,-0.1785,-1.6068,0.10035,1.0385,0.40579,-0.32585,0.8332,0.92393,0.85671,-0.64563,-0.23972,0.33966,-1.5267,-1.1979,1.5092,0.33048,0.30694,0.54533,1.5862,1.2511,-1.7537,1.7073,0.67867,-0.72204,-0.87667,0.28044,1.0967,-1.5538,0.12079,1.7128,-0.46778,0.68644,-0.71728,0.40673,-0.3483,0.50877
0.15676,-0.48281,0.040657,0.41231,-2.222,1.0458,-0.51599,-0.23335,-0.20052,-0.31989,0.44106,-2.1763,-0.62909,-0.14537,-0.24235,0.45081,0.71511,0.11851,0.78239,0.4145,1.4527,1.3491,-0.2288,1.3656,1.6182,0.52601,-1.1542,0.022844,1.0141,-0.18471,-2.1099,-0.83643,1.9434,-0.47411,-0.43642,2.0578,-0.15484,0.47451,-0.81331,0.34916,-0.61435,-0.83768,-0.57665,-0.94373,1.6245,-0.34947,-1.6488,-0.0087579,0.66164,-0.87228,0.34798,2.0533,1.1796,-0.47413,-0.52153,1.382,0.3589,0.23335,1.4472,0.93942,-0.525,-0.44456,-0.35425,1.4677,0.50773,-0.20124,0.87636,-0.50723,1.9162,-0.58281,-1.1986,2.2231,0.32529,0.45253,-0.45162,-0.67283,2.0229,-0.56439,0.40383,0.47581,0.16746,0.25093,0.8563,2.0247,0.44653,-0.42032,0.49432,-1.7522,1.9488,-1.7745,0.43667,-0.35429,-0.51591,0.91216,-0.42638,0.53125,0.41731,-0.089826,1.2055,-0.86976
